{
  "name": "bobicons",
  "version": "0.18.1",
  "factorio_version": "0.18",
  "title": "Bob's Icons",
  "author": "nastyslave",
  "description": "Some alternate icons for bobs mods (electronics,etc), give an alternate look to components. Credits to Necriptos & CitizenJoe, Aonova, qjm123/Qumojo and Inequalitix + thanks to Topaz Gigapixel AI",
  "dependencies": ["base >= 0.18.0",
  "boblibrary >= 0.17.0",
  "bobelectronics >= 0.17.0",
  "bobplates >= 0.17.0",
  "angelssmelting >= 0.6.0",
  
  "? bobenemies",
  "? angelsbioprocessing",
  "? ShinyBob_Icons",
  "? ShinyAngelGFX",
  "? ShinyBobGFX",
  "? ShinyBob",
  "? bobmods_gfxtweak",

  "? KaoExtended"
  
  ]
}